Workbook

Sheet Executive Dashboard
A1: CONSULAR OPERATIONS DASHBOARD (EXECUTIVE KPI SUMMARY)
A2: Real-time pipeline monitoring: Inbound pouch verification, desk stock & counter handover
A4: Lifecycle & Inventory Metric | B4: ID Cards | C4: Passports | D4: Total Documents
A5: Total Registered Case Documents | B5: =COUNTIF('Case Tracking Matrix'!F5:F50, "YES") | C5: =COUNTIF('Case Tracking Matrix'!G5:G50, "YES") | D5: =B5+C5
A6: Received via Diplomatic Pouch | B6: =COUNT('Case Tracking Matrix'!I5:I50) | C6: =COUNT('Case Tracking Matrix'!M5:M50) | D6: =B6+C6
A7: Available at Desk (Awaiting Collection) | B7: =COUNTIF('Case Tracking Matrix'!L5:L50, "*READY AT DESK*") | C7: =COUNTIF('Case Tracking Matrix'!P5:P50, "*READY AT DESK*") | D7: =B7+C7
A8: Delivered & Handed Over at Counter | B8: =COUNTIF('Case Tracking Matrix'!L5:L50, "*DELIVERED*") | C8: =COUNTIF('Case Tracking Matrix'!P5:P50, "*DELIVERED*") | D8: =B8+C8
A9: SLA Standard (<=40 days in transit) | B9: =COUNTIF('Case Tracking Matrix'!L5:L50, "*ON TRACK*") | C9: =COUNTIF('Case Tracking Matrix'!P5:P50, "*ON TRACK*") | D9: =B9+C9
A10: SLA Warning (41 to 60 days) | B10: =COUNTIF('Case Tracking Matrix'!L5:L50, "*WARNING*") | C10: =COUNTIF('Case Tracking Matrix'!P5:P50, "*WARNING*") | D10: =B10+C10
A11: SLA Breach (>60 days delayed - Escalate) | B11: =COUNTIF('Case Tracking Matrix'!L5:L50, "*ESCALATE*") | C11: =COUNTIF('Case Tracking Matrix'!P5:P50, "*ESCALATE*") | D11: =B11+C11

Sheet Case Tracking Matrix
A1: OPERATIONS HUB: END-TO-END CASE TRACKING MATRIX (DEMO)
A4: Intake Date | B4: Case ID | C4: Applicant ID | D4: Full Legal Name | E4: Service Stream | F4: Requires ID? | G4: Requires Passport? | H4: Contact Email | I4: ID Receipt Date | J4: ID Batch Ref | K4: ID Handover Date | L4: ID Status | M4: Passport Receipt Date | N4: Passport Batch Ref | O4: Passport Handover Date | P4: Passport Status | Q4: Global Lifecycle SLA
A5: 46269 | B5: 71004521 | C5: 29841022 | D5: SMITH, JOHN | E5: ADULT PASSPORT RENEWAL | F5: NO | G5: YES | H5: j.smith@demo-email.co.uk | I5: =IF(A5="","",IF(F5="NO","-",IFERROR(VLOOKUP(B5,'Inbound Diplomatic Pouch'!A:B,2,FALSE),""))) | J5: =IF(A5="","",IF(F5="NO","-",IFERROR(VLOOKUP(B5,'Inbound Diplomatic Pouch'!A:C,3,FALSE),""))) | K5: =IF(A5="","",IF(F5="NO","-",IFERROR(VLOOKUP(B5,'Counter Delivery Batch'!A:B,2,FALSE),""))) | L5: =IF(A5="","",IF(F5="NO","N/A",IF(K5<>"","DELIVERED",IF(I5<>"","READY AT DESK",IF((TODAY()-A5)>60,"ESCALATE (>60d)",IF((TODAY()-A5)>40,"WARNING (41-60d)","ON TRACK (<=40d)")))))) | M5: =IF(A5="","",IF(G5="NO","-",IFERROR(VLOOKUP(B5,'Inbound Diplomatic Pouch'!E:F,2,FALSE),""))) | N5: =IF(A5="","",IF(G5="NO","-",IFERROR(VLOOKUP(B5,'Inbound Diplomatic Pouch'!E:G,3,FALSE),""))) | O5: =IF(A5="","",IF(G5="NO","-",IFERROR(VLOOKUP(B5,'Counter Delivery Batch'!D:E,2,FALSE),""))) | P5: =IF(A5="","",IF(G5="NO","N/A",IF(O5<>"","DELIVERED",IF(M5<>"","READY AT DESK",IF((TODAY()-A5)>60,"ESCALATE (>60d)",IF((TODAY()-A5)>40,"WARNING (41-60d)","ON TRACK (<=40d)")))))) | Q5: =IF(A5="","",IF(AND(OR(F5="NO",L5="DELIVERED"),OR(G5="NO",P5="DELIVERED")),"ARCHIVED / DELIVERED",IF(OR(ISNUMBER(SEARCH("ESCALATE",L5)),ISNUMBER(SEARCH("ESCALATE",P5))),"SLA BREACH - ESCALATE",IF(OR(L5="READY AT DESK",P5="READY AT DESK"),"READY FOR COLLECTION",IF(OR(ISNUMBER(SEARCH("WARNING",L5)),ISNUMBER(SEARCH("WARNING",P5))),"WARNING (41-60d)","ON TRACK (<=40d)")))))
A6: 46239 | B6: 71004522 | C6: 34119842 | D6: BROWN, EMILY | E6: NATIONAL ID CARD RENEWAL | F6: YES | G6: NO | H6: e.brown@demo-email.co.uk | I6: =IF(A6="","",IF(F6="NO","-",IFERROR(VLOOKUP(B6,'Inbound Diplomatic Pouch'!A:B,2,FALSE),""))) | J6: =IF(A6="","",IF(F6="NO","-",IFERROR(VLOOKUP(B6,'Inbound Diplomatic Pouch'!A:C,3,FALSE),""))) | K6: =IF(A6="","",IF(F6="NO","-",IFERROR(VLOOKUP(B6,'Counter Delivery Batch'!A:B,2,FALSE),""))) | L6: =IF(A6="","",IF(F6="NO","N/A",IF(K6<>"","DELIVERED",IF(I6<>"","READY AT DESK",IF((TODAY()-A6)>60,"ESCALATE (>60d)",IF((TODAY()-A6)>40,"WARNING (41-60d)","ON TRACK (<=40d)")))))) | M6: =IF(A6="","",IF(G6="NO","-",IFERROR(VLOOKUP(B6,'Inbound Diplomatic Pouch'!E:F,2,FALSE),""))) | N6: =IF(A6="","",IF(G6="NO","-",IFERROR(VLOOKUP(B6,'Inbound Diplomatic Pouch'!E:G,3,FALSE),""))) | O6: =IF(A6="","",IF(G6="NO","-",IFERROR(VLOOKUP(B6,'Counter Delivery Batch'!D:E,2,FALSE),""))) | P6: =IF(A6="","",IF(G6="NO","N/A",IF(O6<>"","DELIVERED",IF(M6<>"","READY AT DESK",IF((TODAY()-A6)>60,"ESCALATE (>60d)",IF((TODAY()-A6)>40,"WARNING (41-60d)","ON TRACK (<=40d)")))))) | Q6: =IF(A6="","",IF(AND(OR(F6="NO",L6="DELIVERED"),OR(G6="NO",P6="DELIVERED")),"ARCHIVED / DELIVERED",IF(OR(ISNUMBER(SEARCH("ESCALATE",L6)),ISNUMBER(SEARCH("ESCALATE",P6))),"SLA BREACH - ESCALATE",IF(OR(L6="READY AT DESK",P6="READY AT DESK"),"READY FOR COLLECTION",IF(OR(ISNUMBER(SEARCH("WARNING",L6)),ISNUMBER(SEARCH("WARNING",P6))),"WARNING (41-60d)","ON TRACK (<=40d)")))))
A7: 46216 | B7: 71004523 | C7: 48920114 | D7: DAVIS, OLIVER | E7: COMBINED (ID + PASSPORT) | F7: YES | G7: YES | H7: o.davis@demo-email.co.uk | I7: =IF(A7="","",IF(F7="NO","-",IFERROR(VLOOKUP(B7,'Inbound Diplomatic Pouch'!A:B,2,FALSE),""))) | J7: =IF(A7="","",IF(F7="NO","-",IFERROR(VLOOKUP(B7,'Inbound Diplomatic Pouch'!A:C,3,FALSE),""))) | K7: =IF(A7="","",IF(F7="NO","-",IFERROR(VLOOKUP(B7,'Counter Delivery Batch'!A:B,2,FALSE),""))) | L7: =IF(A7="","",IF(F7="NO","N/A",IF(K7<>"","DELIVERED",IF(I7<>"","READY AT DESK",IF((TODAY()-A7)>60,"ESCALATE (>60d)",IF((TODAY()-A7)>40,"WARNING (41-60d)","ON TRACK (<=40d)")))))) | M7: =IF(A7="","",IF(G7="NO","-",IFERROR(VLOOKUP(B7,'Inbound Diplomatic Pouch'!E:F,2,FALSE),""))) | N7: =IF(A7="","",IF(G7="NO","-",IFERROR(VLOOKUP(B7,'Inbound Diplomatic Pouch'!E:G,3,FALSE),""))) | O7: =IF(A7="","",IF(G7="NO","-",IFERROR(VLOOKUP(B7,'Counter Delivery Batch'!D:E,2,FALSE),""))) | P7: =IF(A7="","",IF(G7="NO","N/A",IF(O7<>"","DELIVERED",IF(M7<>"","READY AT DESK",IF((TODAY()-A7)>60,"ESCALATE (>60d)",IF((TODAY()-A7)>40,"WARNING (41-60d)","ON TRACK (<=40d)")))))) | Q7: =IF(A7="","",IF(AND(OR(F7="NO",L7="DELIVERED"),OR(G7="NO",P7="DELIVERED")),"ARCHIVED / DELIVERED",IF(OR(ISNUMBER(SEARCH("ESCALATE",L7)),ISNUMBER(SEARCH("ESCALATE",P7))),"SLA BREACH - ESCALATE",IF(OR(L7="READY AT DESK",P7="READY AT DESK"),"READY FOR COLLECTION",IF(OR(ISNUMBER(SEARCH("WARNING",L7)),ISNUMBER(SEARCH("WARNING",P7))),"WARNING (41-60d)","ON TRACK (<=40d)")))))
A8: 46249 | B8: 71004524 | C8: 19482019 | D8: WILSON, SOPHIA | E8: ADULT PASSPORT RENEWAL | F8: NO | G8: YES | H8: s.wilson@demo-email.co.uk | I8: =IF(A8="","",IF(F8="NO","-",IFERROR(VLOOKUP(B8,'Inbound Diplomatic Pouch'!A:B,2,FALSE),""))) | J8: =IF(A8="","",IF(F8="NO","-",IFERROR(VLOOKUP(B8,'Inbound Diplomatic Pouch'!A:C,3,FALSE),""))) | K8: =IF(A8="","",IF(F8="NO","-",IFERROR(VLOOKUP(B8,'Counter Delivery Batch'!A:B,2,FALSE),""))) | L8: =IF(A8="","",IF(F8="NO","N/A",IF(K8<>"","DELIVERED",IF(I8<>"","READY AT DESK",IF((TODAY()-A8)>60,"ESCALATE (>60d)",IF((TODAY()-A8)>40,"WARNING (41-60d)","ON TRACK (<=40d)")))))) | M8: =IF(A8="","",IF(G8="NO","-",IFERROR(VLOOKUP(B8,'Inbound Diplomatic Pouch'!E:F,2,FALSE),""))) | N8: =IF(A8="","",IF(G8="NO","-",IFERROR(VLOOKUP(B8,'Inbound Diplomatic Pouch'!E:G,3,FALSE),""))) | O8: =IF(A8="","",IF(G8="NO","-",IFERROR(VLOOKUP(B8,'Counter Delivery Batch'!D:E,2,FALSE),""))) | P8: =IF(A8="","",IF(G8="NO","N/A",IF(O8<>"","DELIVERED",IF(M8<>"","READY AT DESK",IF((TODAY()-A8)>60,"ESCALATE (>60d)",IF((TODAY()-A8)>40,"WARNING (41-60d)","ON TRACK (<=40d)")))))) | Q8: =IF(A8="","",IF(AND(OR(F8="NO",L8="DELIVERED"),OR(G8="NO",P8="DELIVERED")),"ARCHIVED / DELIVERED",IF(OR(ISNUMBER(SEARCH("ESCALATE",L8)),ISNUMBER(SEARCH("ESCALATE",P8))),"SLA BREACH - ESCALATE",IF(OR(L8="READY AT DESK",P8="READY AT DESK"),"READY FOR COLLECTION",IF(OR(ISNUMBER(SEARCH("WARNING",L8)),ISNUMBER(SEARCH("WARNING",P8))),"WARNING (41-60d)","ON TRACK (<=40d)")))))
A9: 46256 | B9: 71004525 | C9: 28491023 | D9: TAYLOR, JAMES | E9: NATIONAL ID CARD RENEWAL | F9: YES | G9: NO | H9: j.taylor@demo-email.co.uk | I9: =IF(A9="","",IF(F9="NO","-",IFERROR(VLOOKUP(B9,'Inbound Diplomatic Pouch'!A:B,2,FALSE),""))) | J9: =IF(A9="","",IF(F9="NO","-",IFERROR(VLOOKUP(B9,'Inbound Diplomatic Pouch'!A:C,3,FALSE),""))) | K9: =IF(A9="","",IF(F9="NO","-",IFERROR(VLOOKUP(B9,'Counter Delivery Batch'!A:B,2,FALSE),""))) | L9: =IF(A9="","",IF(F9="NO","N/A",IF(K9<>"","DELIVERED",IF(I9<>"","READY AT DESK",IF((TODAY()-A9)>60,"ESCALATE (>60d)",IF((TODAY()-A9)>40,"WARNING (41-60d)","ON TRACK (<=40d)")))))) | M9: =IF(A9="","",IF(G9="NO","-",IFERROR(VLOOKUP(B9,'Inbound Diplomatic Pouch'!E:F,2,FALSE),""))) | N9: =IF(A9="","",IF(G9="NO","-",IFERROR(VLOOKUP(B9,'Inbound Diplomatic Pouch'!E:G,3,FALSE),""))) | O9: =IF(A9="","",IF(G9="NO","-",IFERROR(VLOOKUP(B9,'Counter Delivery Batch'!D:E,2,FALSE),""))) | P9: =IF(A9="","",IF(G9="NO","N/A",IF(O9<>"","DELIVERED",IF(M9<>"","READY AT DESK",IF((TODAY()-A9)>60,"ESCALATE (>60d)",IF((TODAY()-A9)>40,"WARNING (41-60d)","ON TRACK (<=40d)")))))) | Q9: =IF(A9="","",IF(AND(OR(F9="NO",L9="DELIVERED"),OR(G9="NO",P9="DELIVERED")),"ARCHIVED / DELIVERED",IF(OR(ISNUMBER(SEARCH("ESCALATE",L9)),ISNUMBER(SEARCH("ESCALATE",P9))),"SLA BREACH - ESCALATE",IF(OR(L9="READY AT DESK",P9="READY AT DESK"),"READY FOR COLLECTION",IF(OR(ISNUMBER(SEARCH("WARNING",L9)),ISNUMBER(SEARCH("WARNING",P9))),"WARNING (41-60d)","ON TRACK (<=40d)")))))

Sheet Inbound Diplomatic Pouch
A1: INBOUND DIPLOMATIC POUCH (BATCH SCANNING INTAKE)
A4: ID Case ID | B4: Receipt Date | C4: Pouch Dispatch Ref | E4: Passport Case ID | F4: Receipt Date | G4: Pouch Dispatch Ref
A5: 71004525 | B5: 46282 | C5: POUCH-UK-2026/08 | E5: 71004524 | F5: 46274 | G5: POUCH-UK-2026/07

Sheet Counter Delivery Batch
A1: COUNTER HANDOVER BATCH (PHYSICAL SLIP SCANNING)
A4: ID Slip Case ID | B4: Handover Date | D4: Passport Slip Case ID | E4: Handover Date
D5: 71004524 | E5: 46282
